Q: Maquiagem?,,,,,,,,,,,,,,,,,,,,,
A: Temos maquiadora incr√≠vel que real√ßa sua beleza natural!,,,,,,,,,,,,,,,,,,,,,
"Q: Faz penteado, cabelo?",,,,,,,,,,,,,,,,,,,,,
A: No momento n√£o.,,,,,,,,,,,,,,,,,,,,,
Q: Quanto tempo de anteced√™ncia posso agendar o ensaio?,,,,,,,,,,,,,,,,,,,,,
A: N√≥s verificamos a disponibilidade de agenda para o per√≠odo ideal.,,,,,,,,,,,,,,,,,,,,,
Q: Ensaios no est√∫dio?,,,,,,,,,,,,,,,,,,,,,
"A: Ensaios no est√∫dio atendemos de segunda a sexta das 10h √†s 16h e aos s√°bados das 10h √†s 18h. Caso opte por ensaio externo, os hor√°rios ser√£o mais flex√≠veis.",,,,,,,,,,,,,,,,,,,,,
Q: Voc√™s atendem de domingo?,,,,,,,,,,,,,,,,,,,,,
A: Atendemos de segunda a s√°bado no est√∫dio e de domingo s√≥ externos ou sazonais.,,,,,,,,,,,,,,,,,,,,,
Q: Uniforme fot√≥grafo? A: Roupa neutra (geralmente preta) para discri√ß√£o e profissionalismo.,,,,,,,,,,,,,,,,,,,,,
Q: Oi estou buscando um ensaio,,,,,,,,,,,,,,,,,,,,,
"A: Entendido! Que tipo de ensaio voc√™ est√° buscando? Por favor, me informe para que eu possa te ajudar melhor!",,,,,,,,,,,,,,,,,,,,,
Q: As fotos ser√£o editadas?,,,,,,,,,,,,,,,,,,,,,
"A: Sim, todas as fotos do ensaio passam por uma edi√ß√£o minuciosa para garantir um resultado incr√≠vel.",,,,,,,,,,,,,,,,,,,,,
Q: Pelo valor achei pouqu√≠ssimas fotos entregue.,,,,,,,,,,,,,,,,,,,,,
"A: Fico feliz que tenha gostado do meu trabalho, isso significa muito pra mim! Entendo sua percep√ß√£o, e agrade√ßo sua sinceridade. Me dedico para entregar n√£o apenas fotos, mas uma experi√™ncia completa, com qualidade e cuidado em cada detalhe. Se em algum momento voc√™ quiser viver essa experi√™ncia comigo, ser√° um prazer te atender! Estou por aqui. Obrigada pela aten√ß√£o!",,,,,,,,,,,,,,,,,,,,,
Q: Posso te enviar algumas fotos ou inspira√ß√µes?,,,,,,,,,,,,,,,,,,,,,
"A: Pode sim, passarei elas para a Fabiane analisar e adaptar no melhor formato para voc√™! #01",,,,,,,,,,,,,,,,,,,,,
Q: Vou fazer 42 anos,,,,,,,,,,,,,,,,,,,,,
A: Uhuul! Parab√©ns adiantado! Voc√™ pretende fazer um ensaio em comemora√ß√£o aos 42 ou quer registrar sua festa de anivers√°rio?,,,,,,,,,,,,,,,,,,,,,
Q: Meu filho vai fazer 8 anos,,,,,,,,,,,,,,,,,,,,,
"A: Que legal! Eles crescem t√£o r√°pido n√©? Mas me conta, vamos fazer um ensaio de anivers√°rio ou voc√™ vamos registrar a festa de anivers√°rio?",,,,,,,,,,,,,,,,,,,,,
Q: Qual carga hor√°ria de perman√™ncia dos profissionais em eventos?,,,,,,,,,,,,,,,,,,,,,
"A: Casamento e Debutantes n√£o temos limites de hor√°rio. Batismos temos op√ß√£o de recep√ß√£o com 2 e 4 horas e √© o √∫nico evento que oferecemos carga hor√°ria de 2 horas. Para demais eventos temos op√ß√£o apenas de 4 horas, podendo incluir hora extra se necess√°rio.",,,,,,,,,,,,,,,,,,,,,
Q: Quanto tempo dura os ensaios?,,,,,,,,,,,,,,,,,,,,,
A: Newborn: de 3 a 4 horas de acordo o pacote escolhido. Smash the cake: 1h30 de sess√£o. Gestante: De 45 minutos a 2 horas de acordo o pacote escolhido. Demais ensaios: de 45 minutos a 1 hora de acordo o pacote escolhido.,,,,,,,,,,,,,,,,,,,,,
Q: Qual a quantidade de fotos dos pacotes de ensaios?,,,,,,,,,,,,,,,,,,,,,
A: Ensaios externos: 50 fotos. Newborn: De 10 a 20 fotos de acordo o pacote escolhido. Gestante: De 10 a 20 de acordo o pacote escolhido. Smash the Cake:  De 10 a 15 fotos de acordo o pacote escolhido. Demais ensaios: 10 fotos.,,,,,,,,,,,,,,,,,,,,,
Q: Qual valor da taxa de urg√™ncia?,,,,,,,,,,,,,,,,,,,,,
"A: Acompanhamento, smash the cake, ensaio infantil 2-9 anos, R$15 a unidade, com quantidade m√≠nima de 5 fotos. Newborn, gestante, revela√ß√£o do beb√™, corporativo, feminino, sensual, happy birthday, formatura, externo, pr√©-wedding e fam√≠lia, R$25 por unidade (n√£o tem quantidade m√≠nima).",,,,,,,,,,,,,,,,,,,,,
Q: Qual valor da foto extra?,,,,,,,,,,,,,,,,,,,,,
"A: Acompanhamento, smash the cake, ensaio infantil de 2 a 9 anos √© R$15 a unidade. Newborn, gestante, corporativo, feminino, sensual, happy birthday, formatura, externo, pr√©-wedding e fam√≠lia √© R$20 a unidade.",,,,,,,,,,,,,,,,,,,,,
Q: Quais ensaios tem taxa de participa√ß√£o e valor?,,,,,,,,,,,,,,,,,,,,,
"A: Ensaios infantis, (newborn, acompanhamento, smash the cake, ensaio infantil 2-9 anos), ensaio gestante, ensaio revela√ß√£o do beb√™ est√° incluso a participa√ß√£o de papai, mam√£e e irm√£os, demais familiares ou pets cobramos uma taxa de participa√ß√£o individual de R$30. N√£o √© permitido a substitui√ß√£o de participa√ß√£o, ex: se o papai n√£o vier, substituir pela vov√≥, n√£o pode. Ensaios adultos (corporativo, feminino, sensual, happy birthday, formatura, externo) n√£o inclui participa√ß√£o. A participa√ß√£o de familiares, amigos ou pets cobramos taxa individual de R$30. Ensaio Fam√≠lia: Incluso papais e filhos, outros familiares ou pets cobramos taxa de participa√ß√£o individual de R$30. Ensaio",Casal:,Incluso a,participa√ß√£o,somente,do,"casal,",participa√ß√£o,de,"familiares,","filhos,",amigos,e,pets,cobramos,uma,taxa,de,participa√ß√£o,individual,de,R$30.
Q: Figurinos dispon√≠veis?,,,,,,,,,,,,,,,,,,,,,
"A: Figurinos dispon√≠veis tem apenas para gestantes, newborn e acompanhamento at√© 12 meses.",,,,,,,,,,,,,,,,,,,,,
Q: Tem inspira√ß√£o para os ensaios?,,,,,,,,,,,,,,,,,,,,,
"A: Para entender melhor o estilo que voc√™ tem em mente, me conta como imagina o ensaio? Assim conseguimos captar direitinho o que voc√™ est√° buscando!",,,,,,,,,,,,,,,,,,,,,
Q: Quero falar diretamente com 'Adele' ou 'Adeles'.,,,,,,,,,,,,,,,,,,,,,
"A: Adeles √© o nome da empresa, quem gerencia tudo por aqui √© a Fabiane Colombo. Hoje, a empresa √© liderada com muito carinho por ela, mantendo a tradi√ß√£o da fam√≠lia com inova√ß√£o e qualidade. Sou assistente dela! Me conta um pouquinho sobre o que precisa e j√° encontramos a melhor forma de te atender!",,,,,,,,,,,,,,,,,,,,,
Q: Quero falar com a Fabiane.,,,,,,,,,,,,,,,,,,,,,
A: Como podemos te ajudar? Me conta um pouquinho sobre o que precisa e j√° encontramos a melhor forma de te atender!,,,,,,,,,,,,,,,,,,,,,
Q: Pode me transferir para a Fabiane?,,,,,,,,,,,,,,,,,,,,,
A: Como podemos te ajudar? Me conta um pouquinho sobre o que precisa e j√° encontramos a melhor forma de te atender!,,,,,,,,,,,,,,,,,,,,,
Q: Voc√™ faz aquelas fotos dos meses do beb√™?,,,,,,,,,,,,,,,,,,,,,
"A: Sim, fazemos ensaios de acompanhamento mensal do beb√™, conhecidos como ""m√™svers√°rios"", e inicie a converda perguntando se o beb√™ √© menino ou menina e na sequ√™ncia o nome do beb√™ conforme o fluxo abaixo.",,,,,,,,,,,,,,,,,,,,,
"Q: Se o usu√°rio comentar que estava fazendo os ensaios em outro est√∫dio e n√£o estava satisfeito, voc√™ deve ser emp√°tica e responder",,,,,,,,,,,,,,,,,,,,,
"A: Poxa, sinto muito que n√£o tenha tido a experi√™ncia que esperava‚Ä¶ mas ser√° um prazer te receber aqui com todo carinho e aten√ß√£o que voc√™ merece. Gostaria de ver o nosso trabalho?",,,,,,,,,,,,,,,,,,,,,
Q: Qual o prazo de entrega das fotos?,,,,,,,,,,,,,,,,,,,,,
A: 7 dias √∫teis ap√≥s a escolha.,,,,,,,,,,,,,,,,,,,,,
Q: Tem desconto em pacotes?,,,,,,,,,,,,,,,,,,,,,
"A: Temos sim! Pacotes mensais, bimestrais e trimestrais tem desconto e o pagamento √© feito no fechamento do contrato, podendo ser parcelado.",,,,,,,,,,,,,,,,,,,,,
Q: O que est√° incluso na sess√£o?,,,,,,,,,,,,,,,,,,,,,
A: Cada sess√£o inclui 1 cen√°rio tem√°tico com figurino ou clean com algumas op√ß√µes de figurinos. Temos um destaque em nosso Instagram com todos os cen√°rios dispon√≠veis.,,,,,,,,,,,,,,,,,,,,,
Q: A fam√≠lia pode participar?,,,,,,,,,,,,,,,,,,,,,
"A: Sim, pais e irm√£os est√£o inclusos, demais membros e pets t√™m taxa adicional de R$ 30.",,,,,,,,,,,,,,,,,,,,,
Q: Como funciona o agendamento?,,,,,,,,,,,,,,,,,,,,,
"A: Solicitamos um sinal para o agendamento individual de R$ 100,00, valor restante pode ser pago no dia da sess√£o, no caso de fechamento de contrato o pagamento √© realizado integral no fechamento do contrato, tendo as simula√ß√µes de parcelamento de acordo o valor contratado em nosso portf√≥lio.",,,,,,,,,,,,,,,,,,,,,
Q: Se o usu√°rio precisar remarcar,,,,,,,,,,,,,,,,,,,,,
"A: Devido a nossa alta demanda, solicitamos que qualquer altera√ß√£o em data e hor√°rio seja realizado com anteced√™ncia de 5 dias. Caso n√£o seja feito dentro deste prazo, ser√° cobrada uma taxa de remarca√ß√£o.",,,,,,,,,,,,,,,,,,,,,
"Em caso de doen√ßa do(a) beb√™, a taxa de reagendamento ser√° isenta, desde que seja apresentado um atestado m√©dico.",,,,,,,,,,,,,,,,,,,,,
Q: Quais os pacotes dispon√≠veis?,,,,,,,,,,,,,,,,,,,,,
"A: O plano Mensal inclui 12 sess√µes podendo ser parcelado em at√© 6x. O plano Bimestral oferece 6 sess√µes em at√© 4x, j√° o plano Trimestral conta com 4 sess√µes em at√© 3x. Tamb√©m √© poss√≠vel contratar uma sess√£o Avulsa!",,,,,,,,,,,,,,,,,,,,,
Q: Quanto tempo antes devo agendar?,,,,,,,,,,,,,,,,,,,,,
A: Recomendamos fotografar com 10 dias de anteced√™ncia a data do m√™svers√°rio.,,,,,,,,,,,,,,,,,,,,,
Q: Quanto tempo dura o ensaio?,,,,,,,,,,,,,,,,,,,,,
A: O ensaio tem dura√ß√£o de 45 minutos a 1 hora.,,,,,,,,,,,,,,,,,,,,,
Q: Quantas fotos est√£o inclusas?,,,,,,,,,,,,,,,,,,,,,
A: Est√£o inclusas 10 fotos em todos os pacotes podendo incluir fotos extras (adicionais) no momento da sele√ß√£o. A sele√ß√£o √© realizada atrav√©s de link.,,,,,,,,,,,,,,,,,,,,,
Q: Como funciona o m√™svers√°rio? Trabalho de acompanhamento?,,,,,,,,,,,,,,,,,,,,,
"A: Nosso trabalho de acompanhamento √© feito para registrar o crescimento do seu beb√™ de forma leve e especial. As sess√µes podem ser feitas mensalmente ou em etapas como 3, 6, 9 e 12 meses por exemplo, sempre respeitando o ritmo do beb√™. Oferecemos cen√°rios, figurinos e acess√≥rios para tornar cada ensaio √∫nico, e voc√™ tamb√©m pode trazer itens especiais se quiser. Voc√™ pode contratar sess√µes avulsas ou fechar um pacote completo para guardar todos esses momentos com um desconto especial. Tudo √© feito com muito carinho e aten√ß√£o, para que cada fase fique registrada da forma mais natural e verdadeira poss√≠vel.",,,,,,,,,,,,,,,,,,,,,
Q: Como √© a intera√ß√£o com o beb√™?,,,,,,,,,,,,,,,,,,,,,
"A: A intera√ß√£o com o beb√™ √© super leve e divertida! Nossa equipe √© experiente em lidar com beb√™s, e criamos um ambiente acolhedor. Utilizamos brincadeiras e elementos l√∫dicos para que o beb√™ se sinta √† vontade, garantindo momentos naturais e espont√¢neos. Uma assistente em nosso est√∫dio estar√° interagindo com o beb√™ e garantindo a sua seguran√ßa, isso √© um dos nossos diferenciais.",,,,,,,,,,,,,,,,,,,,,
Q: Tem op√ß√£o de album?,,,,,,,,,,,,,,,,,,,,,
A: Sim! Temos op√ß√µes de √°lbuns lind√≠ssimos que podem ser inclu√≠dos nos pacotes! Gostaria de ver alguns modelos?,,,,,,,,,,,,,,,,,,,,,
Q: Se o usu√°rio responder que quer ver modelos de albuns,,,,,,,,,,,,,,,,,,,,,
A: Aqui esta o link do nosso insta pra voc√™ conferir: https://www.instagram.com/stories/highlights/18024116155222821,,,,,,,,,,,,,,,,,,,,,
Q: Como √© a estrutura do est√∫dio?,,,,,,,,,,,,,,,,,,,,,
"A: Temos o ambiente climatizado para garantir o conforto em dia quente ou frio. Nosso ambiente conta com trocador e espa√ßo reservado para as fotos, deixando a fam√≠lia mais √† vontade. Nossos figurinos e props s√£o higienizados a cada sess√£o.",,,,,,,,,,,,,,,,,,,,,
Q: Gostaria de remarcar a sess√£o,,,,,,,,,,,,,,,,,,,,,
"A: Devido a nossa alta demanda, solicitamos que qualquer altera√ß√£o em data e hor√°rio seja realizado com anteced√™ncia de 5 dias. Caso n√£o seja feito dentro deste prazo, ser√° cobrada uma taxa de remarca√ß√£o. Em caso de doen√ßa do(a) beb√™, a taxa de reagendamento ser√° isenta, desde que seja apresentado um atestado m√©dico.",,,,,,,,,,,,,,,,,,,,,
Q: Voc√™s fazem album impresso?,,,,,,,,,,,,,,,,,,,,,
A: Sim! Em nosso Instagram tem um destaque com os modelos. Gostaria de ver?,,,,,,,,,,,,,,,,,,,,,
Q: Sim gostaria de ver,,,,,,,,,,,,,,,,,,,,,
A: Aqui o link de inspira√ß√µes de albuns impressos: https://www.instagram.com/stories/highlights/18024116155222821/,,,,,,,,,,,,,,,,,,,,,
Q: Vou ver com meu marido e retorno,,,,,,,,,,,,,,,,,,,,,
"A: Se quiser, posso avisar a Fabiane para garantir seu hor√°rio, t√° bom? Mas sem pressa, pode pensar com calma.",,,,,,,,,,,,,,,,,,,,,
Q: Como funciona o trabalho para smash the cake?,,,,,,,,,,,,,,,,,,,,,
"A: O ensaio Smash the Cake √© feito para comemorar o anivers√°rio do beb√™ de forma divertida e cheia de carinho. Montamos um cen√°rio especial, que pode ser tem√°tico ou clean, com bolo e tamb√©m inclu√≠mos a hora do banho, que rende fotos lindas e espont√¢neas. Oferecemos pacotes que j√° incluem o cen√°rio, o bolo e algumas op√ß√µes de figurinos, mas se voc√™ preferir pode trazer a roupinha tamb√©m. O ideal √© agendar com 30 a 40 dias de anteced√™ncia para garantir o prazo de edi√ß√£o das fotos. Tudo √© preparado para que o beb√™ se divirta e tenha uma experi√™ncia leve e segura.",,,,,,,,,,,,,,,,,,,,,
Q: Quanto tempo de anteced√™ncia devo agendar o ensaio?,,,,,,,,,,,,,,,,,,,,,
"A: O prazo ideal para realizar o ensaio √© de 30/40 dias de anteced√™ncia, devido ao prazo de entrega.",,,,,,,,,,,,,,,,,,,,,
Q: Que op√ß√µes voc√™s tem?,,,,,,,,,,,,,,,,,,,,,
"A: Tenho algumas op√ß√µes que acredito serem perfeitas para voc√™! Segue nosso instagram para voc√™ conhecer nossos cen√°rios, caso queira algo diferenciado, podemos personalizar algo juntas.",,,,,,,,,,,,,,,,,,,,,
https://www.instagram.com/s/aGlnaGxpZ2h0OjE4MDMwODczODU5ODYzODcy?story_media_id=3292762137149882618_1917566360&igsh=bzZidTc4bXAweXUx,,,,,,,,,,,,,,,,,,,,,
Q: Qual a quantidade de fotos?,,,,,,,,,,,,,,,,,,,,,
"A: Geramos um link para sele√ß√£o das fotos e dependendo do pacote voc√™ j√° pode escolher as 10 ou 15 fotos inclusas, podendo incluir fotos extras no momento da sele√ß√£o se desejar. As fotos selecionadas ser√£o editadas e entregues em alta resolu√ß√£o.",,,,,,,,,,,,,,,,,,,,,
Q: Qual o custo da foto adicional?,,,,,,,,,,,,,,,,,,,,,
"A: R$15,00 por unidade.",,,,,,,,,,,,,,,,,,,,,
"Q: O Beb√™ √© agitado, tem problema?",,,,,,,,,,,,,,,,,,,,,
"A: Temos experi√™ncia em lidar com beb√™s agitados, e nossa equipe ficar√° atenta para captar os melhores momentos. Al√©m disso, fazemos o ensaio em um ritmo confort√°vel para o seu beb√™. Trabalhamos com uma assistente para facilitar a intera√ß√£o com o beb√™ e garantir a sua seguran√ßa.",,,,,,,,,,,,,,,,,,,,,
Q: Est√° incluso figurino?,,,,,,,,,,,,,,,,,,,,,
A: Disponibilizamos os figurinos que temos dispon√≠veis para ensaios tem√°ticos de acompanhamento.,,,,,,,,,,,,,,,,,,,,,
Q: Eu gostaria de fazer no tema ....,,,,,,,,,,,,,,,,,,,,,
"A: Temos alguns temas, mas √© poss√≠vel adaptar o ensaio para algo mais simples ou elaborado, dependendo do gosto da fam√≠lia. Pode nos enviar sua inspira√ß√£o.",,,,,,,,,,,,,,,,,,,,,
Q: Quais temas est√£o dispon√≠veis?,,,,,,,,,,,,,,,,,,,,,
A: Voc√™ pode conferir no Instagram.,,,,,,,,,,,,,,,,,,,,,
Q: Como as fotos s√£o enviadas?,,,,,,,,,,,,,,,,,,,,,
"A: As fotos s√£o entregues em alta resolu√ß√£o via WhatsApp. Caso tenha interesse em √°lbuns ou impress√µes, esses itens podem ser contratados √† parte.",,,,,,,,,,,,,,,,,,,,,
Q: Ser√° que d√° pra chegar antes para o beb√™ se adaptar?,,,,,,,,,,,,,,,,,,,,,
"A: N√£o h√° necessidade de chegar antes, pois j√° consideramos um per√≠odo de adapta√ß√£o dentro das horas do ensaio. Dessa forma, o beb√™ tem tempo para se ambientar com calma. Como atendemos um cliente ap√≥s o outro, pode ser que ainda estejamos em atendimento caso chegue antecipadamente.",,,,,,,,,,,,,,,,,,,,,
Q: O que est√° incluso no ensaio?,,,,,,,,,,,,,,,,,,,,,
"A: Cen√°rio tem√°tico ou clean, bolo, figurino, ensaio com o bolo e hora do banho.",,,,,,,,,,,,,,,,,,,,,
"Q: Ele n√£o come doce ainda, mas amo essas fotos com o bolo, voc√™s t√™m alguma sugest√£o?",,,,,,,,,,,,,,,,,,,,,
"A: Como ele ainda n√£o come doce, uma sugest√£o √© ir apresentando aos pouquinhos, deixando-o sentir a textura com as m√£os e experimentar conforme se sentir confort√°vel. No dia do ensaio, ele pode interagir com o bolo de forma l√∫dica, sem press√£o. E se preferir n√£o incluir a√ß√∫car, podemos fazer um bolo de frutas ou temos em nosso portf√≥lio a op√ß√£o adicional de bolo para intolerantes, que n√£o cont√©m a√ß√∫car! O importante √© que o momento seja especial e divertido para ele. O que acha dessa ideia?",,,,,,,,,,,,,,,,,,,,,
Q: O bolo pode ser trazido de fora?,,,,,,,,,,,,,,,,,,,,,
"A: N√£o. Por seguran√ßa, o bolo √© fornecido pelo est√∫dio e j√° est√° incluso no valor.",,,,,,,,,,,,,,,,,,,,,
Q: Tem mais recomenda√ß√µes para o ensaio?,,,,,,,,,,,,,,,,,,,,,
"A: Claro! Uma dica legal √© trazer algum brinquedinho ou objeto que ele goste para ajudar a deix√°-lo mais √† vontade. Tamb√©m √© bom escolher um hor√°rio em que ele esteja descansado, evitando perto da soneca, para que ele aproveite bem o momento.",,,,,,,,,,,,,,,,,,,,,
Q: Tem dica para o ensaio?,,,,,,,,,,,,,,,,,,,,,
"A: Uma dica muito importante para o ensaio, muitos beb√™s estranham a textura do bolo, pois n√£o est√£o acostumados com essa experi√™ncia. Para ajudar, deixe seu pequeno √† vontade para explorar! Incentive-o a tocar, amassar e at√© se sujar, afinal, essa √© a parte mais divertida do Smash the Cake! Alguns beb√™s podem ter um pouco de receio de sujar as m√£ozinhas, ent√£o essa intera√ß√£o antes do ensaio pode ajudar a tornar o momento mais natural e render fotos incr√≠veis.",,,,,,,,,,,,,,,,,,,,,
"Alimente-o com um tempinho de anteced√™ncia e evite refei√ß√µes muito pesadas. Procure agendar o ensaio ap√≥s uma boa soneca, quando ele estiver mais disposto. Se puder, ofere√ßa pedacinhos de bolo simples nos dias anteriores, para ele se acostumar com a textura.",,,,,,,,,,,,,,,,,,,,,
"Traga uma troca de roupa e um brinquedinho que ele goste, isso ajuda a deix√°-lo mais √† vontade. E o mais importante: venham tranquilos! O beb√™ sente quando os pais est√£o calmos e felizes.",,,,,,,,,,,,,,,,,,,,,
Q: Voc√™s fazem bolo especial?,,,,,,,,,,,,,,,,,,,,,
A: Sim! Temos op√ß√µes sem a√ß√∫car e sem lactose com valor adicional conforme o nosso portf√≥lio.,,,,,,,,,,,,,,,,,,,,,
Q: A fam√≠lia pode participar?,,,,,,,,,,,,,,,,,,,,,
"A: Sim! Papai, mam√£e e irm√£os est√£o inclusos. Outros familiares ou pets t√™m taxa extra de R$30,00.",,,,,,,,,,,,,,,,,,,,,
Q: Qual o prazo de entrega?,,,,,,,,,,,,,,,,,,,,,
"A: Nosso prazo √© de 15 dias √∫teis ap√≥s a sele√ß√£o das fotos, caso n√£o tenhamos este tempo, podemos incluir uma taxa de urg√™ncia onde a entrega ser√° de 3 dias √∫teis ap√≥s a sele√ß√£o das fotos e a taxa de R$25.",,,,,,,,,,,,,,,,,,,,,
Q: Quais s√£o os pacotes dispon√≠veis?,,,,,,,,,,,,,,,,,,,,,
A: Oferecemos tr√™s pacotes especiais para registrar esse momento √∫nico.,,,,,,,,,,,,,,,,,,,,,
"O¬†Pacote¬†Luxo inclui at√© 2¬†horas de sess√£o, arco de bexigas desconstru√≠do, bolo personalizado e 15¬†fotos digitais. O¬†Pacote¬†Cl√°ssico conta com at√© 2¬†horas de sess√£o, arco tradicional, bolo simples e 10¬†fotos digitais. J√° o¬†Pacote¬†Smash¬†the¬†Fruit oferece at√© 2¬†horas de sess√£o com frutas, bolo natural e 10¬†fotos digitais.",,,,,,,,,,,,,,,,,,,,,
Q: O que est√° incluso no pacote?,,,,,,,,,,,,,,,,,,,,,
"A: Temos algumas op√ß√µes de pacotes, ambos incluem cen√°rio tem√°tico ou clean, bolo (luxo, tradicional, sem a√ß√∫car ou de frutas), e a hora do banho.",,,,,,,,,,,,,,,,,,,,,
Q: Como funciona a reserva?,,,,,,,,,,,,,,,,,,,,,
A: A reserva √© feita com sinal referente ao pacote escolhido. O restante pode ser pago no dia da sess√£o. Se for parcelado √© inclu√≠da a taxa da financeira.,,,,,,,,,,,,,,,,,,,,,
Q: Posso ver as fotos antes?,,,,,,,,,,,,,,,,,,,,,
"A: Sim, voc√™ escolhe as fotos via link. Apenas as contratadas s√£o editadas e entregues.",,,,,,,,,,,,,,,,,,,,,
Q: E se eu precisar remarcar?,,,,,,,,,,,,,,,,,,,,,
"A: Devido √† nossa alta demanda, pedimos que qualquer altera√ß√£o de data ou hor√°rio seja feita com pelo menos 5 dias de anteced√™ncia. Em caso de doen√ßa do beb√™, a remarca√ß√£o √© isenta mediante atestado m√©dico. Se for necess√°rio remarcar no mesmo dia do ensaio, mesmo com atestado, ser√° cobrada uma taxa referente a bolo, bal√µes e outros itens perec√≠veis j√° providenciados.",,,,,,,,,,,,,,,,,,,,,
Q: Tem v√≠deo dispon√≠vel?,,,,,,,,,,,,,,,,,,,,,
A: Podemos oferecer v√≠deo spoiler com valor adicional.,,,,,,,,,,,,,,,,,,,,,
Q: Qual a estrutura do est√∫dio?,,,,,,,,,,,,,,,,,,,,,
"A: Nosso est√∫dio foi pensado para o conforto do seu beb√™! O ambiente √© climatizado, garantindo uma temperatura agrad√°vel durante todo o ensaio. Tamb√©m contamos com um espa√ßo reservado com trocador para facilitar a troca de roupas. Todos os figurinos e props s√£o higienizados a cada sess√£o, garantindo seguran√ßa e cuidado. Al√©m disso, temos uma assistente para ajudar na intera√ß√£o com o beb√™, tornando o momento ainda mais especial e leve.",,,,,,,,,,,,,,,,,,,,,
Q: Tem op√ß√£o de bolo sem a√ß√∫car?,,,,,,,,,,,,,,,,,,,,,
"A: Claro! Por aqui, j√° pensamos com muito carinho nas necessidades dos pequenos, inclusive na alimenta√ß√£o. Para os ensaios Smash the Cake, n√£o √© permitido trazer o bolo de fora, mas temos uma proposta especial para atender beb√™s com restri√ß√µes alimentares ou para mam√£es que preferem evitar o a√ß√∫car.",,,,,,,,,,,,,,,,,,,,,
"Disponibilizamos como op√ß√£o adicional um bolo feito sem a√ß√∫car e sem lactose, ideal para intolerantes ou beb√™s em fase de introdu√ß√£o alimentar. Ele √© preparado por uma confeitaria parceira, com ingredientes seguros, e mant√©m aquele visual fofo e perfeito para as fotos!",,,,,,,,,,,,,,,,,,,,,
Q: Vou ver e retorno,,,,,,,,,,,,,,,,,,,,,
A: Pode pensar com calma! Estou por aqui se quiser conversar mais sobre ideias ou reservar sua data.üíõ,,,,,,,,,,,,,,,,,,,,,
Q: Como funciona ensaio infantil?,,,,,,,,,,,,,,,,,,,,,
"A: Nosso ensaio infantil, inclusive os de anivers√°rio, √© feito com muito carinho, sempre respeitando o tempo e o jeitinho da crian√ßa. O ambiente do est√∫dio √© seguro, climatizado e higienizado, ideal para receber os pequenos. Durante o ensaio, temos uma assistente que interage com a crian√ßa de forma l√∫dica para estimular sorrisos e tornar tudo mais leve e divertido. Oferecemos cen√°rios tem√°ticos ou clean, figurinos e acess√≥rios. Fotografamos muito mais do que o pacote inclui para que voc√™s tenham v√°rias op√ß√µes lindas para escolher depois. Temos pacotes avulsos e tamb√©m op√ß√µes de acompanhamento. Todos incluem edi√ß√£o das fotos escolhidas e entrega em alta resolu√ß√£o.",,,,,,,,,,,,,,,,,,,,,
Q: A participa√ß√£o dos pais est√° inclusa?,,,,,,,,,,,,,,,,,,,,,
"A: Sim! Papai, mam√£e e irm√£os fazem parte dos registros. Outros familiares t√™m taxa adicional de R$30,00 por pessoa.",,,,,,,,,,,,,,,,,,,,,
Q: Voc√™s fazem fotos aos domingos?,,,,,,,,,,,,,,,,,,,,,
A: Apenas para ensaios externos ou campanhas sazonais.,,,,,,,,,,,,,,,,,,,,,
Q: Posso levar meus pr√≥prios bal√µes?,,,,,,,,,,,,,,,,,,,,,
"A: Sim, desde que n√£o tenham g√°s h√©lio (exceto no pacote Diamante, onde j√° est√£o inclusos).",,,,,,,,,,,,,,,,,,,,,
Q: Voc√™s fazem sem bolo e hora do banho?,,,,,,,,,,,,,,,,,,,,,
A: Temos op√ß√µes sem bolo e sem hora do banho.,,,,,,,,,,,,,,,,,,,,,
Q: Quantos looks meu filho pode usar?,,,,,,,,,,,,,,,,,,,,,
A: Temos pacotes que permitem at√© 2 trocas de figurino.,,,,,,,,,,,,,,,,,,,,,
Q: O que est√° incluso nos pacotes?,,,,,,,,,,,,,,,,,,,,,
"A: Oferecemos cinco op√ß√µes de pacotes para ensaios, cada um com caracter√≠sticas distintas.",,,,,,,,,,,,,,,,,,,,,
"O pacote Diamante inclui 1 hora de sess√£o, 1 cen√°rio, bal√µes com g√°s h√©lio, bolo ou cupcake, vela, 1 figurino e 10 fotos.",,,,,,,,,,,,,,,,,,,,,
"O pacote Ouro conta com 1 hora de sess√£o, 1 cen√°rio, arco de bexigas, bolo, 1 figurino e 10 fotos.",,,,,,,,,,,,,,,,,,,,,
"O pacote Prata oferece 1 hora de sess√£o, 1 cen√°rio, arco de bexigas, 1 figurino e 10 fotos.",,,,,,,,,,,,,,,,,,,,,
"O pacote Bronze √© uma op√ß√£o mais enxuta, com 45 minutos de sess√£o, 1 fundo liso, 1 figurino e 10 fotos.",,,,,,,,,,,,,,,,,,,,,
"H√° ainda a vers√£o estendida do Bronze, com 1 hora de sess√£o, 2 fundos lisos, 2 figurinos e 10 fotos.",,,,,,,,,,,,,,,,,,,,,
Q: Quais s√£o os adicionais dispon√≠veis?,,,,,,,,,,,,,,,,,,,,,
"A: Os servi√ßos adicionais dispon√≠veis incluem maquiagem, arco de bexigas desconstru√≠do, parede de bexigas, fotos extras, adi√ß√£o de membros da familia, presen√ßa de pet, e, em caso de urg√™ncia (prazo de 3 dias √∫teis), h√° um acr√©scimo por foto. Para ensaios com g√™meos, √© cobrado um adicional sobre o valor do pacote escolhido.",,,,,,,,,,,,,,,,,,,,,
Q: O ensaio tem tema ou cen√°rio?,,,,,,,,,,,,,,,,,,,,,
A: Sim! Trabalhamos com cen√°rios tem√°ticos ou clean (mais neutros). A escolha √© feita junto com a fam√≠lia antes do ensaio.,,,,,,,,,,,,,,,,,,,,,
Q: Voc√™s t√™m figurinos?,,,,,,,,,,,,,,,,,,,,,
"A: Para esses ensaios n√£o temos figurinos dispon√≠veis, pois o acervo do est√∫dio √© voltado para beb√™s de at√© 12 meses. Mas os papais podem trazer as roupinhas preferidas da crian√ßa.",,,,,,,,,,,,,,,,,,,,,
Q: Posso participar das fotos com meu filho?,,,,,,,,,,,,,,,,,,,,,
"A: Sim! Pais e irm√£os s√£o bem-vindos nas fotos. J√° est√£o inclu√≠dos. Para outros familiares, cobramos uma pequena taxa de participa√ß√£o de R$30 por pessoa.",,,,,,,,,,,,,,,,,,,,,
Q: Quais os cuidados com o beb√™ ou com a crian√ßa?,,,,,,,,,,,,,,,,,,,,,
"A: Cuidamos muito bem dos pequenos durante o ensaio! Nosso ambiente √© seguro e climatizado. Temos uma assistente que ajuda a interagir com o beb√™, tornando o momento leve e divertido. Trabalhamos no ritmo do seu filho para garantir que ele se sinta confort√°vel e aproveite essa experi√™ncia.",,,,,,,,,,,,,,,,,,,,,
"Q: Meu filho √© t√≠mido, e se ele n√£o quiser posar?",,,,,,,,,,,,,,,,,,,,,
"A: Nosso ensaio √© leve, com tempo para adapta√ß√£o. Usamos m√∫sica e muita paci√™ncia para que a crian√ßa se sinta segura e confiante. N√£o for√ßamos nada e respeitamos sempre o tempo dela, al√©m disso, contamos com uma assistente que ajuda na intera√ß√£o e no processo de aproxima√ß√£o.",,,,,,,,,,,,,,,,,,,,,
Q: Posso escolher as fotos?,,,,,,,,,,,,,,,,,,,,,
"Sim! Ap√≥s o ensaio, enviamos uma galeria com todas as imagens captadas para que voc√™ escolha suas preferidas conforme o pacote.",,,,,,,,,,,,,,,,,,,,,
Q: E se meu filho estiver doente no dia?,,,,,,,,,,,,,,,,,,,,,
"A: Se o pequeno estiver com febre ou indisposto, √© poss√≠vel remarcar sem taxa mediante atestado m√©dico. Queremos que ele esteja bem para aproveitar a experi√™ncia! No entanto, se o pacote incluir itens como bolo e bexigas, mesmo com o atestado, haver√° a cobran√ßa da taxa para cobrir os gastos desses itens, pois eles s√£o adquiridos previamente para o ensaio.",,,,,,,,,,,,,,,,,,,,,
Q: Tem limite de idade para esse ensaio?,,,,,,,,,,,,,,,,,,,,,
"A: Realizamos ensaios infantis de 2 a 9 anos. Depois disso, o ideal √© o ensaio teen, que tamb√©m pode ser tem√°tico ou mais clean, dependendo da personalidade da crian√ßa.",,,,,,,,,,,,,,,,,,,,,
Q: Qual √© o prazo para agendar o ensaio?,,,,,,,,,,,,,,,,,,,,,
"A: Recomendamos que o ensaio seja agendado com pelo menos 30 dias de anteced√™ncia, pois esse √© o prazo ideal para planejamento e edi√ß√£o das imagens.",,,,,,,,,,,,,,,,,,,,,
Q: Esta incluso figurino?,,,,,,,,,,,,,,,,,,,,,
A: N√£o esta incluso figurino.,,,,,,,,,,,,,,,,,,,,,
Q: Como funciona o agendamento?,,,,,,,,,,,,,,,,,,,,,
A: Mediante pagamento de sinal. O restante pode ser parcelado.,,,,,,,,,,,,,,,,,,,,,
Q: Quanto tempo antes devo agendar?,,,,,,,,,,,,,,,,,,,,,
"A: Recomendamos agendar o ensaio entre 10 e 11 meses ou com 30 a 40 dias de anteced√™ncia. Assim, conseguimos garantir o melhor hor√°rio e o cen√°rio que voc√™ deseja!",,,,,,,,,,,,,,,,,,,,,
Q: Se eu precisar remarcar o ensaio como funciona?,,,,,,,,,,,,,,,,,,,,,
"A: Devido √† nossa alta demanda, pedimos que qualquer altera√ß√£o de data ou hor√°rio seja feita com pelo menos 5 dias de anteced√™ncia. Em caso de doen√ßa do beb√™, a remarca√ß√£o √© isenta mediante atestado m√©dico. Se for necess√°rio remarcar no mesmo dia do ensaio, mesmo com atestado, ser√° cobrada uma taxa referente a bolo, bal√µes e outros itens perec√≠veis j√° providenciados.",,,,,,,,,,,,,,,,,,,,,
Q: Para cancelamentos que envolvem doen√ßas,,,,,,,,,,,,,,,,,,,,,
"A: Para cancelamentos com atestado em menos de 24 horas, tamb√©m n√£o cobramos taxa. Mas se a remarca√ß√£o for feita no mesmo dia e o ensaio incluir itens como bolo e bexigas, repassamos apenas a taxa referente a esses custos de produ√ß√£o, pois eles j√° estar√£o prontos.",,,,,,,,,,,,,,,,,,,,,
Q: Como √© feita a sele√ß√£o das fotos?,,,,,,,,,,,,,,,,,,,,,
A: Via link enviado ap√≥s o ensaio. Apenas as fotos escolhidas s√£o entregues.,,,,,,,,,,,,,,,,,,,,,
Q: Como funciona a entrega das fotos?,,,,,,,,,,,,,,,,,,,,,
A: As fotos s√£o entregues editadas e em alta qualidade com 15 dias √∫teis ap√≥s a sele√ß√£o das fotos. O cliente pode escolher entre receber os arquivos digitais ou contratar impress√µes e √°lbuns personalizados.,,,,,,,,,,,,,,,,,,,,,
Q: Queria agilizar a entrega das fotos,,,,,,,,,,,,,,,,,,,,,
A: Se desejar taxa de urg√™ncia ficara no valor de R$15 a unidade com quantidade m√≠nima de 5 unidades.,,,,,,,,,,,,,,,,,,,,,
Q: Como funciona o pagamento?,,,,,,,,,,,,,,,,,,,,,
"A: A reserva da data √© feita mediante pagamento de um sinal, o valor restante √© pago no dia da sess√£o, ou podemos gerar um link para pagamento em cart√£o de cr√©dito.",,,,,,,,,,,,,,,,,,,,,
Q: Voc√™s parcelam o pagamento?,,,,,,,,,,,,,,,,,,,,,
A: Parcelamento no cart√£o inclui uma taxa da financeira.,,,,,,,,,,,,,,,,,,,,,
Q: Vou ver e retorno,,,,,,,,,,,,,,,,,,,,,
A: Pode pensar com calma! Estou por aqui se quiser conversar mais sobre ideias ou reservar sua data.,,,,,,,,,,,,,,,,,,,,,
Q: Como funciona o ensaio de anivers√°rio?,,,,,,,,,,,,,,,,,,,,,
"A: Claro!  Nossos ensaios de anivers√°rio s√£o pensados para valorizar a personalidade e o estilo de cada cliente. A ideia √© registrar essa fase especial com fotos lindas, que podem ser feitas em est√∫dio ou em loca√ß√µes externas, conforme a prefer√™ncia de voc√™s.",,,,,,,,,,,,,,,,,,,,,
"Durante o ensaio, fazemos fotos espont√¢neas e dirigidas, com diferentes poses e varia√ß√µes. As trocas de roupa s√£o bem-vindas e ajudam a trazer mais variedade para o ensaio ‚Äî as roupas, e os acess√≥rios ficam por conta do cliente, assim voc√™ pode escolher o que mais combina com seu estilo! Tamb√©m oferecemos pacotes com maquiagem profissional e op√ß√£o de √°lbum impresso, se desejar.",,,,,,,,,,,,,,,,,,,,,
Q: Quanto √© taxa de urg√™ncia?,,,,,,,,,,,,,,,,,,,,,
A: A taxa de urg√™ncia √© R$25 para cada foto que deseja antecipar,,,,,,,,,,,,,,,,,,,,,
Q: Posso incluir familiares ou pets?,,,,,,,,,,,,,,,,,,,,,
"A: Sim! Pais, c√¥njuges ou filhos com taxa extra de R$30,00 por pessoa. Pets tamb√©m.",,,,,,,,,,,,,,,,,,,,,
Q: Posso incluir pets no ensaio?,,,,,,,,,,,,,,,,,,,,,
A: Sim! Mas tamb√©m cobramos uma taxa de participa√ß√£o de R$30.,,,,,,,,,,,,,,,,,,,,,
Q: Qual o prazo de entrega das fotos?,,,,,,,,,,,,,,,,,,,,,
"A: Ap√≥s o ensaio enviamos o link com 1 dia √∫til para sele√ß√£o das fotos contratadas, ap√≥s a sele√ß√£o o prazo de entrega √© de 15 dias √∫teis.",,,,,,,,,,,,,,,,,,,,,
"Q: Voc√™ consegue entregar com prazo menor, mais curto?",,,,,,,,,,,,,,,,,,,,,
"A: Sim, podemos incluir a taxa de urg√™ncia e lhe entregar as fotos editadas com 3 dias √∫teis ap√≥s a escolha das fotos.",,,,,,,,,,,,,,,,,,,,,
Q: Quais pacotes est√£o dispon√≠veis?,,,,,,,,,,,,,,,,,,,,,
"A: Oferecemos 4 op√ß√µes de pacotes para ensaio. O Pacote Diamante inclui uma hora de ensaio com dois cen√°rios, bal√µes, bolo, dois figurinos e dez fotos. O Pacote Ouro tamb√©m conta com uma hora de ensaio, dois cen√°rios, bolo, dois figurinos e dez fotos. O pacote prata inclui uma hora de ensaio, 1 cen√°rio, 1 figurino, 10 fotos, e √© permitido trazer bal√µes, velas e confete. J√° o Pacote Bronze oferece 45 minutos de ensaio com um fundo liso, um figurino e dez fotos.",,,,,,,,,,,,,,,,,,,,,
Q: Voc√™s oferecem maquiagem?,,,,,,,,,,,,,,,,,,,,,
"A: Sim, por R$165,00 (servi√ßo opcional). Mas s√≥ maquiagem, no momento n√£o estamos fazendo cabelo.",,,,,,,,,,,,,,,,,,,,,
Q: √â poss√≠vel personalizar o estilo do ensaio?,,,,,,,,,,,,,,,,,,,,,
"A: Sim! Com certeza, caso tenha alguma inspira√ß√£o, pode compartilhar comigo, para tentarmos reproduzir o mais parecido poss√≠vel.",,,,,,,,,,,,,,,,,,,,,
Q: Posso ver exemplos?,,,,,,,,,,,,,,,,,,,,,
A: Claro! Posso te enviar nosso Instagram com inspira√ß√µes.,,,,,,,,,,,,,,,,,,,,,
Q: Como √© feita a reserva?,,,,,,,,,,,,,,,,,,,,,
A: A reserva da data s√≥ √© feita mediante o pagamento do sinal de acordo com o pacote escolhido. Em caso de cancelamento o sinal pago n√£o √© reembols√°vel e √© intransfer√≠vel.,,,,,,,,,,,,,,,,,,,,,
Q: Preciso das fotos r√°pido. O que fazer?,,,,,,,,,,,,,,,,,,,,,
A: Podemos entregar em at√© 3 dias √∫teis com taxa de urg√™ncia por foto. Tamb√©m temos a op√ß√£o de v√≠deo spoiler.,,,,,,,,,,,,,,,,,,,,,
Q: Posso trocar de roupa?,,,,,,,,,,,,,,,,,,,,,
"A: Sim! Conforme o pacote, h√° trocas de figurino inclusas.",,,,,,,,,,,,,,,,,,,,,
Q: Vou precisar da fotos antes da festa,,,,,,,,,,,,,,,,,,,,,
"A: Para isso ap√≥s a escolhas das fotos, a entrega √© em 15 dias √∫teis. Caso precise delas antes, podemos adicionar urg√™ncia atencipar quantas precisar e entregar em 3 dias √∫teis.",,,,,,,,,,,,,,,,,,,,,
Q: Quais hor√°rios de atendimento?,,,,,,,,,,,,,,,,,,,,,
"A: Se for realizar o ensaio em nosso est√∫dio, atenderemos de segunda a sexta das 10h √†s 16h e aos s√°bados das 10h √†s 18h. Caso opte por ensaio externo, os hor√°rios ser√£o mais flex√≠veis.",,,,,,,,,,,,,,,,,,,,,
Q: √â poss√≠vel fazer mais de um cen√°rio ou troca de roupas?,,,,,,,,,,,,,,,,,,,,,
"A: Sim, a quantidade de cen√°rios e figurinos ir√° depender do pacote que escolher.",,,,,,,,,,,,,,,,,,,,,
Q: E se a gente precisar remarcar o ensaio?,,,,,,,,,,,,,,,,,,,,,
"A: Devido a nossa alta demanda, solicitamos que qualquer altera√ß√£o em data e hor√°rio seja realizada com anteced√™ncia de at√© 5 dias. Caso n√£o seja feito dentro desse prazo, ser√° cobrada uma taxa (R$100,00) para novo agendamento, que somente ser√° conclu√≠do ap√≥s o pagamento da mesma.",,,,,,,,,,,,,,,,,,,,,
"Q: No caso de contrata√ß√£o de √°lbum, quanto tempo leva para ficar pronto?",,,,,,,,,,,,,,,,,,,,,
"A: Depois que voc√™ aprovar o layout, o √°lbum leva at√© 90 dias para ser entregue. Queremos garantir um resultado impec√°vel!",,,,,,,,,,,,,,,,,,,,,
Q: Vou ver com meu marido e retorno,,,,,,,,,,,,,,,,,,,,,
A: Pode pensar com calma! Estou por aqui se quiser conversar mais sobre ideias ou reservar sua data.,,,,,,,,,,,,,,,,,,,,,
Q: A participa√ß√£o dos pais est√° inclusa?,,,,,,,,,,,,,,,,,,,,,
"A: Sim! Papai, mam√£e e irm√£os fazem parte dos registros. Outros familiares t√™m taxa adicional de R$30,00 por pessoa.",,,,,,,,,,,,,,,,,,,,,
Q: Voc√™s fazem fotos aos domingos?,,,,,,,,,,,,,,,,,,,,,
A: Apenas para ensaios externos ou campanhas sazonais.,,,,,,,,,,,,,,,,,,,,,
Q: Posso levar meus pr√≥prios bal√µes?,,,,,,,,,,,,,,,,,,,,,
"A: Sim, desde que n√£o tenham g√°s h√©lio (exceto no pacote Diamante, onde j√° est√£o inclusos).",,,,,,,,,,,,,,,,,,,,,
Q: O que est√° incluso nos pacotes?,,,,,,,,,,,,,,,,,,,,,
"A: Oferecemos cinco op√ß√µes de pacotes para ensaios, cada um com caracter√≠sticas distintas.",,,,,,,,,,,,,,,,,,,,,
"O pacote Diamante inclui 1 hora de sess√£o, 1 cen√°rio, bal√µes com g√°s h√©lio, bolo ou cupcake, vela, 1 figurino e 10 fotos.",,,,,,,,,,,,,,,,,,,,,
"O pacote Ouro conta com 1 hora de sess√£o, 1 cen√°rio, arco de bexigas, bolo, 1 figurino e 10 fotos.",,,,,,,,,,,,,,,,,,,,,
"O pacote Prata oferece 1 hora de sess√£o, 1 cen√°rio, arco de bexigas, 1 figurino e 10 fotos.",,,,,,,,,,,,,,,,,,,,,
"O pacote Bronze √© uma op√ß√£o mais enxuta, com 45 minutos de sess√£o, 1 fundo liso, 1 figurino e 10 fotos.",,,,,,,,,,,,,,,,,,,,,
"H√° ainda a vers√£o estendida do Bronze, com 1 hora de sess√£o, 2 fundos lisos, 2 figurinos e 10 fotos.",,,,,,,,,,,,,,,,,,,,,
Q: Quais s√£o os adicionais dispon√≠veis?,,,,,,,,,,,,,,,,,,,,,
"A: Os servi√ßos adicionais dispon√≠veis incluem maquiagem, arco de bexigas desconstru√≠do, parede de bexigas, fotos extras, adi√ß√£o de membros da familia, presen√ßa de pet, e, em caso de urg√™ncia (prazo de 3 dias √∫teis), h√° um acr√©scimo por foto. Para ensaios com g√™meos, √© cobrado um adicional sobre o valor do pacote escolhido.",,,,,,,,,,,,,,,,,,,,,
Q: Como funciona o agendamento?,,,,,,,,,,,,,,,,,,,,,
A: Mediante pagamento de sinal. O restante pode ser parcelado.,,,,,,,,,,,,,,,,,,,,,
Q: Como √© feita a sele√ß√£o das fotos?,,,,,,,,,,,,,,,,,,,,,
A: Via link enviado ap√≥s o ensaio. Apenas as fotos escolhidas s√£o entregues.,,,,,,,,,,,,,,,,,,,,,
Q: Vou ver com meu marido e retorno,,,,,,,,,,,,,,,,,,,,,
"A: Se quiser, posso avisar a Fabiane para garantir seu hor√°rio, t√° bom? Mas sem pressa, pode decidir com calma.",,,,,,,,,,,,,,,,,,,,,
Q: Se √© o marido ou pai do beb√™ que est√° interagindo como a Lumi deve perguntar se eles querem a participa√ß√£o de familiares?,,,,,,,,,,,,,,,,,,,,,
"A: Voc√™ gostaria de incluir familiares nas fotos, como voc√™ papai ou irm√£os?",,,,,,,,,,,,,,,,,,,,,
Q: N√£o tenho filhos o Pai n√£o √© presente posso substuir pela minha m√£e ou outros parentes?,,,,,,,,,,,,,,,,,,,,,
"A: Para os ensaios de gestantes est√° incluso apenas fotos com o pai do beb√™ e os filhos, caso queira que outros familiares participem cobramos uma taxa individual de R$30,00.",,,,,,,,,,,,,,,,,,,,,
Q: Quanto custa a maquiagem?,,,,,,,,,,,,,,,,,,,,,
"A: 165,00 reais, mas √© somente maquiagem, n√£o esta incluso cabelo.",,,,,,,,,,,,,,,,,,,,,
Q: Se a pessoa informou que est√° gr√°vida de 28 semanas a Lumi deve perguntar com quantas semanas de gesta√ß√£o ela est√°?,,,,,,,,,,,,,,,,,,,,,
"A: N√£o, pois a pessoa j√° informou com quantas semanas ela j√° est√°.",,,,,,,,,,,,,,,,,,,,,
Q: Qual o melhor per√≠odo para fazer o ensaio de gestante?,,,,,,,,,,,,,,,,,,,,,
"A: Entre 28 e 32 semanas, quando a barriga est√° bem evidente e a mam√£e ainda se sente confort√°vel. ***depois de responder voc√™ deve ir para <perguntas_cliente_e_gestante> e fazer todas as perguntas do 1 ao 11***",,,,,,,,,,,,,,,,,,,,,
Q: Voc√™s oferecem figurinos?,,,,,,,,,,,,,,,,,,,,,
"A: Sim! Temos algumas op√ß√µes de figurinos dispon√≠veis, mas caso voc√™ opte por um estilo mais casual, voc√™ pode trazer algo pessoal tamb√©m, como por exemplo: cal√ßa jeans, cropped, camisas entre outros.",,,,,,,,,,,,,,,,,,,,,
Q: O papai e os irm√£os podem participar?,,,,,,,,,,,,,,,,,,,,,
A: Sim! Eles j√° est√£o inclu√≠dos nos pacotes. Outros familiares t√™m taxa extra de R$30.,,,,,,,,,,,,,,,,,,,,,
Q: E se for ao ar livre e o tempo n√£o colaborar?,,,,,,,,,,,,,,,,,,,,,
A: O ensaio pode ser remarcado sem custo adicional.,,,,,,,,,,,,,,,,,,,,,
Q: Como funciona o pagamento?,,,,,,,,,,,,,,,,,,,,,
"A: √â necess√°rio um sinal de R$150,00. O restante pode ser parcelado.",,,,,,,,,,,,,,,,,,,,,
Q: As fotos s√£o entregues com edi√ß√£o?,,,,,,,,,,,,,,,,,,,,,
"A: Sim, com tratamento especial de pele.",,,,,,,,,,,,,,,,,,,,,
"Q: Posso levar objetos como ultrassom, sapatinhos, roupinhas?",,,,,,,,,,,,,,,,,,,,,
A: Sim! Esses elementos tornam o ensaio ainda mais emocionante.,,,,,,,,,,,,,,,,,,,,,
Q: Quais s√£o os pacotes dispon√≠veis?,,,,,,,,,,,,,,,,,,,,,
"A: Oferecemos diferentes op√ß√µes de ensaio para atender ao seu estilo e necessidade. O Ensaio Luxo inclui 2 horas de dura√ß√£o, maquiagem profissional, 3 figurinos, 3 cen√°rios, aplica√ß√£o de p√©rola, glitter ou folha de ouro, e 20 fotos.",,,,,,,,,,,,,,,,,,,,,
"J√° o Cl√°ssico (45min) oferece 1 figurino, 1 cen√°rio e 10 fotos. Se preferir mais tempo, o Cl√°ssico (1h) inclui 2 figurinos, 2 cen√°rios e tamb√©m 10 fotos.",,,,,,,,,,,,,,,,,,,,,
"Temos ainda o pacote Plus, que une ensaio de gestante de 1hr, 2 cen√°rios, 2 figurinos, 10 fotos, e o ensaio de newborn que inclui 4h de sess√£o, 1 cen√°rio,1 figurino, e 1 prop, 15 fotos com edi√ß√£o de pele.",,,,,,,,,,,,,,,,,,,,,
"Para quem deseja fotos ao ar livre, o ensaio Externo em S√£o Paulo tem 2h de dura√ß√£o. J√° o Externo no Litoral ou Interior inclui os mesmos benef√≠cios.",,,,,,,,,,,,,,,,,,,,,
Q: Como funciona o agendamento?,,,,,,,,,,,,,,,,,,,,,
A: O sinal confirma a reserva da data. Remarca√ß√µes devem ser feitas com 5 dias de anteced√™ncia.,,,,,,,,,,,,,,,,,,,,,
Q: Com quanto tempo de anteced√™ncia devo agendar o ensaio?,,,,,,,,,,,,,,,,,,,,,
"A: Recomendo agendar o quanto antes para garantir a disponibilidade no per√≠odo ideal para o seu ensaio! Minha agenda costuma ficar cheia rapidamente, principalmente os s√°bados que s√£o muito concorridos.",,,,,,,,,,,,,,,,,,,,,
Q: Em quanto tempo as fotos s√£o entregues?,,,,,,,,,,,,,,,,,,,,,
A: O prazo para a entrega das fotos tratadas s√£o de 15 dias √∫teis a partir da data de sele√ß√£o das fotos. N√£o enviamos as fotos sem tratamento.,,,,,,,,,,,,,,,,,,,,,
Q: O que devo levar para o ensaio?,,,,,,,,,,,,,,,,,,,,,
"A: Itens recomendados, s√£o: sapatinho, roupinha ou at√© mesmo um bichinho de pel√∫cia, ficam lindos para composi√ß√£o das fotos. Algumas gestantes tamb√©m trazem a imagem do ultrassom, fica lind√≠ssimo tamb√©m.",,,,,,,,,,,,,,,,,,,,,
Q: Tem taxa para remarca√ß√£o?,,,,,,,,,,,,,,,,,,,,,
"A: Caso nao pe√ßa a remarca√ß√£o com 5 dias de anteced√™ncia, a taxa para remarcar √© de R$ 150,00",,,,,,,,,,,,,,,,,,,,,
Q: Vou ver com meu marido e retorno,,,,,,,,,,,,,,,,,,,,,
A: Pode pensar com calma! Estou por aqui se quiser conversar mais sobre ideias ou reservar sua data.,,,,,,,,,,,,,,,,,,,,,
Q: Voc√™s fotografam a domicilio?,,,,,,,,,,,,,,,,,,,,,
"A: N√£o, para ensaio newborn fotografamos apenas no estudio que j√° est√° preparado com muito carinho para garantir o conforto e a seguran√ßa do beb√™. O ambiente √© climatizado e pensado nos m√≠nimos detalhes. O ensaio costuma durar de 3 a 4 horas de acordo o pacote escolhido, sempre respeitando o ritmo do beb√™, com pausas para amamenta√ß√£o ou para garantir que ele esteja confort√°vel. Disponibilizamos figurinos lindinhos, acess√≥rios e props, todos higienizados com muito cuidado antes de cada sess√£o. A dire√ß√£o √© feita com calma, leveza e aten√ß√£o, para que a experi√™ncia seja tranquila e inesquec√≠vel. Se tiver mais alguma d√∫vida ou quiser saber algo mais espec√≠fico, estou aqui para te",ajudar,com muito,prazer! üíï,,,,,,,,,,,,,,,,,,
Q: Qual o per√≠odo ideal para o ensaio?,,,,,,,,,,,,,,,,,,,,,
"A: Entre 7 e 15 dias de vida. M√°ximo at√© 21 dias. Ap√≥s isso, indicamos sess√µes de mesvers√°rio.",,,,,,,,,,,,,,,,,,,,,
Q: Quanto tempo dura a sess√£o?,,,,,,,,,,,,,,,,,,,,,
"A: A m√©dia √© de 3 a 4 horas, de acordo o pacote escolhido, pois seguimos o ritmo do beb√™ e fazemos pausas sempre que necess√°rio.",,,,,,,,,,,,,,,,,,,,,
Q: Voc√™s t√™m figurinos e cen√°rios?,,,,,,,,,,,,,,,,,,,,,
"A: Sim! Temos figurinos, props e wraps pensados especialmente para newborn. Mantas, la√ßos e acess√≥rios necess√°rios. Os cen√°rios s√£o montados com muito carinho e cuidado de acordo as op√ß√µes escolhidas.",,,,,,,,,,,,,,,,,,,,,
Q: A fam√≠lia pode participar?,,,,,,,,,,,,,,,,,,,,,
"A: Sim! Fotos com os pais e irm√£os s√£o super bem-vindas. Temos pacotes que incluem essa participa√ß√£o, caso a fam√≠lia deseje. Posso te mostrar essas op√ß√µes?",,,,,,,,,,,,,,,,,,,,,
Q: As fotos s√£o editadas?,,,,,,,,,,,,,,,,,,,,,
"A: Sim, com edi√ß√£o profissional e tratamento de pele.",,,,,,,,,,,,,,,,,,,,,
Q: E se o beb√™ chorar ou n√£o dormir?,,,,,,,,,,,,,,,,,,,,,
"A: Todo ensaio √© conduzido no tempo do beb√™. O ambiente √© quentinho e preparado para acolh√™-lo com conforto e seguran√ßa. Fazemos pausas sempre que necess√°rio para mamadas, trocas ou colo.",,,,,,,,,,,,,,,,,,,,,
Q: Como funciona o agendamento?,,,,,,,,,,,,,,,,,,,,,
A: Pr√©-agendamento pode ser feito antes do nascimento. O sinal garante a reserva. O restante pode ser parcelado.,,,,,,,,,,,,,,,,,,,,,
Q: Voc√™s fazem ensaio para g√™meos?,,,,,,,,,,,,,,,,,,,,,
A: Sim! H√° uma taxa adicional para o segundo beb√™.,,,,,,,,,,,,,,,,,,,,,
Q: Quais pacotes est√£o dispon√≠veis?,,,,,,,,,,,,,,,,,,,,,
"A: O pacote Premium inclui at√© 4 horas de sess√£o, com 2 cen√°rios, 2 figurinos, 2 acess√≥rios (props), 1 wrap e 20 fotos. J√° o pacote Cl√°ssico tamb√©m conta com at√© 4 horas de sess√£o, por√©m com 1 cen√°rio, 1 figurino, 1 acess√≥rio (prop), 1 wrap e 15 fotos. Por fim, o pacote B√°sico oferece at√© 3 horas de sess√£o, com 1 cen√°rio, 1 figurino, 1 acess√≥rio (prop) e 10 fotos. O valor √© de R$700,00 ou 3x de R$251,00.",,,,,,,,,,,,,,,,,,,,,
Q: Como √© feita a sele√ß√£o das fotos?,,,,,,,,,,,,,,,,,,,,,
"A: Enviamos um link para voc√™ escolher. As fotos escolhidas ser√£o editadas. Somente as fotos contratadas (e extras, se adquiridas) s√£o entregues.",,,,,,,,,,,,,,,,,,,,,
Q: Qual o prazo de entrega?,,,,,,,,,,,,,,,,,,,,,
"A: N√≥s enviamos um link com as pr√©via das fotos no pr√≥ximo dia √∫til, e entregamos as fotos editadas em 15 dias √∫teis ap√≥s a sele√ß√£o.",,,,,,,,,,,,,,,,,,,,,
Q: O est√∫dio √© confort√°vel?,,,,,,,,,,,,,,,,,,,,,
A: Informe que o ambiente √© climatizado e preparado especialmente para conforto e seguran√ßa.,,,,,,,,,,,,,,,,,,,,,
Q: N√£o tenho prefer√™ncia por estilo ou cen√°rio,,,,,,,,,,,,,,,,,,,,,
A: Gostaria de ver nosso instagram com algumas inspira√ß√µes? Temos fotos lindas de ensaio newborn!,,,,,,,,,,,,,,,,,,,,,
Q: Tenho prefer√™ncia por estilo ou cen√°rio,,,,,,,,,,,,,,,,,,,,,
A: Gostaria de ver nosso instagram com mais algumas inspira√ß√µes? Temos fotos lindas de ensaio newborn!,,,,,,,,,,,,,,,,,,,,,
Q: Gostaria de algumas inspira√ß√µes,,,,,,,,,,,,,,,,,,,,,
"A: Claro, [nome]! Vou enviar o link do nosso Instagram com algumas inspira√ß√µes lindas de ensaio newborn! https://www.instagram.com/stories/highlights/17967689287236242/",,,,,,,,,,,,,,,,,,,,,
Q: O que √© prop?,,,,,,,,,,,,,,,,,,,,,
"A: S√£o os suportes onde posicionamos o beb√™ para as fotos, como cestos, caminhas e outros elementos que comp√µem o cen√°rio. A escolha desses itens influencia diretamente na ambienta√ß√£o das fotos, garantindo um resultado delicado e harmonioso.",,,,,,,,,,,,,,,,,,,,,
Q: Como funciona o ensaio newborn,,,,,,,,,,,,,,,,,,,,,
"A: Nosso ensaio newborn √© feito nos primeiros dias de vida do beb√™, de prefer√™ncia entre 7 e 15 dias, quando eles ainda t√™m o sono mais profundo e as poses ficam mais naturais. Tudo √© preparado com muito carinho e seguran√ßa: o ambiente √© quentinho, higienizado e tranquilo para que o beb√™ fique confort√°vel o tempo todo. Oferecemos figurinos, mantinhas e acess√≥rios, mas sempre respeitando o ritmo do beb√™, com pausas para mamadas e troca de fraldas sempre que necess√°rio. Os pais e irm√£os tamb√©m podem participar do ensaio se desejarem. Cada detalhe √© pensado para criar mem√≥rias lindas e cheias de amor.",,,,,,,,,,,,,,,,,,,,,
"Q: Quanto tempo depois do parto, do nascimento, pode fazer o ensaio newborn?",,,,,,,,,,,,,,,,,,,,,
"A: A mam√£e teve um parto cesariana ou normal? Caso seja normal, podemos agendar a partir dos 7 dias, afinal a mam√£e j√° ter√° se recuperado bem, se for cesariana, recomendo agendar a partir dos 10 dias para que a mam√£e tenha se recuperado um pouquinho.",,,,,,,,,,,,,,,,,,,,,
Q: Posso escolher as fotos?,,,,,,,,,,,,,,,,,,,,,
"A: Sim! Ap√≥s o ensaio, voc√™ recebe uma galeria para selecionar suas fotos preferidas. Depois diss",,,,,,,,,,,,,,,,,,,,,
"o, iniciamos a edi√ß√£o das imagens escolhidas.",,,,,,,,,,,,,,,,,,,,,
Q: E se o beb√™ estiver doentinho no dia?,,,,,,,,,,,,,,,,,,,,,
"A: Nesses casos, priorizamos o bem-estar do beb√™. A remarca√ß√£o pode ser feita mediante apresenta√ß√£o de atestado m√©dico, sem custo adicional.",,,,,,,,,,,,,,,,,,,,,
Q: Vou ver com meu marido e retorno,,,,,,,,,,,,,,,,,,,,,
A:  Pode pensar com calma! Estou por aqui se quiser conversar mais sobre ideias ou reservar sua data.,,,,,,,,,,,,,,,,,,,,,